,cback,fdamage,fosslim,pop_gr,sigma_gr,t2xco2_dist,t2xco2_index,tfp_gr
102,103.0,2.0,5264.484587040752,0.10000000259200924,-0.01189769552331815,2.0,309.0,0.08064657315066559
354,143.0,0.0,5635.084536298252,0.10325259834555688,-0.008140634644423534,2.0,257.0,0.07077005622775999
467,290.0,2.0,5591.249716169045,0.14935344868355907,-0.009790397884202677,2.0,463.0,0.07638260629802866
473,376.0,2.0,11215.8658920098,0.12095687690139086,-0.008306227793898934,2.0,257.0,0.07473170176612158
